id,first_name,last_name,email,gender,country,job_desc
1,Nani,Sansam,nsansam0@ehow.com,Female,United States,VP Accounting
2,Nadia,Greatreax,ngreatreax1@360.cn,Female,Pakistan,Safety Technician I
3,Nola,Caulier,ncaulier2@si.edu,Female,China,Accounting Assistant II
4,Domini,Bolmann,dbolmann3@free.fr,Female,Japan,VP Sales
5,Burnard,Monaghan,bmonaghan4@stanford.edu,Male,Portugal,Recruiter
6,Stanton,Shedden,sshedden5@cbc.ca,Male,Russia,Engineer III
7,Kendra,Filippozzi,kfilippozzi6@flickr.com,Female,United States,Environmental Specialist
8,Gillian,Paireman,gpaireman7@creativecommons.org,Female,Indonesia,Librarian
9,Justinian,Showers,jshowers8@jugem.jp,Male,Portugal,Help Desk Operator
10,Veronica,Myles,vmyles9@51.la,Female,Argentina,Analyst Programmer
11,Felecia,Stogill,fstogilla@dell.com,Female,Portugal,Assistant Manager
12,Dareen,Capstake,dcapstakeb@dyndns.org,Female,China,Developer III
13,Rozanna,Perham,rperhamc@cloudflare.com,Female,China,Actuary
14,Peri,Casotti,pcasottid@odnoklassniki.ru,Genderfluid,Ivory Coast,Programmer II
15,Bibbye,Cordingly,bcordinglye@jimdo.com,Female,Poland,Budget/Accounting Analyst I
16,Sheilah,Tuckley,stuckleyf@go.com,Female,Moldova,Geologist III
17,Lloyd,Pasek,lpasekg@uol.com.br,Male,Portugal,Graphic Designer
18,Christoph,Fittes,cfittesh@biblegateway.com,Male,Japan,Project Manager
19,Patrizius,Behling,pbehlingi@globo.com,Male,Portugal,Web Developer IV
20,Paten,Jeannet,pjeannetj@squidoo.com,Male,Thailand,Design Engineer
21,Fleming,Westman,fwestmank@gravatar.com,Genderqueer,Uruguay,Web Designer IV
22,Edik,Pegrum,epegruml@goodreads.com,Male,Guatemala,Geologist I
23,Hamel,Samuels,hsamuelsm@virginia.edu,Male,Japan,Nurse
24,Marj,Garken,mgarkenn@wiley.com,Female,Sri Lanka,Mechanical Systems Engineer
25,Sella,Cruz,scruzo@imdb.com,Female,China,Sales Associate
26,Orran,Vowles,ovowlesp@friendfeed.com,Male,Argentina,Database Administrator IV
27,Gian,Rehme,grehmeq@nih.gov,Male,Spain,Physical Therapy Assistant
28,Elly,Alvaro,ealvaror@github.com,Female,Germany,VP Accounting
29,Katleen,Tollerfield,ktollerfields@seattletimes.com,Female,China,Accountant IV
30,Correy,Duke,cduket@sitemeter.com,Male,Indonesia,Nuclear Power Engineer
31,Reagen,Jouen,rjouenu@bravesites.com,Male,Norway,VP Product Management
32,Carley,Gubbin,cgubbinv@netvibes.com,Female,Indonesia,Computer Systems Analyst IV
33,Pip,Whitehouse,pwhitehousew@ustream.tv,Male,Sweden,Technical Writer
34,Burg,Hearn,bhearnx@theguardian.com,Male,China,Structural Analysis Engineer
35,Merwin,Habert,mhaberty@cdc.gov,Male,Philippines,Web Designer IV
36,Ahmad,Hold,aholdz@networkadvertising.org,Male,France,Chief Design Engineer
37,Atalanta,Yearne,ayearne10@vk.com,Female,United States,Research Nurse
38,Buck,Colin,bcolin11@1688.com,Male,France,Design Engineer
39,Vasili,Kendrick,vkendrick12@ihg.com,Polygender,Armenia,Senior Cost Accountant
40,Perry,Dargie,pdargie13@craigslist.org,Male,Poland,Research Assistant IV
41,Charmine,Ragg,cragg14@ft.com,Female,China,Financial Analyst
42,Ahmed,McCurry,amccurry15@alexa.com,Male,Indonesia,Account Representative I
43,Inna,Matczak,imatczak16@state.gov,Female,Armenia,Actuary
44,Elisa,Aird,eaird17@simplemachines.org,Female,Honduras,Teacher
45,Hogan,Plom,hplom18@bizjournals.com,Male,Indonesia,Community Outreach Specialist
46,Dave,Tebbe,dtebbe19@opensource.org,Male,China,Human Resources Manager
47,Berthe,Blind,bblind1a@bloglines.com,Female,China,Sales Associate
48,Sibelle,Spreull,sspreull1b@statcounter.com,Female,Panama,Administrative Officer
49,Jacob,Rosberg,jrosberg1c@google.ru,Male,Libya,Compensation Analyst
50,Dexter,Hawke,dhawke1d@wisc.edu,Male,China,Payment Adjustment Coordinator
